{
  "project_info": {
    "project_number": "517999240510",
    "firebase_url": "https://projectv1-c231e-default-rtdb.firebaseio.com",
    "project_id": "projectv1-c231e",
    "storage_bucket": "projectv1-c231e.appspot.com"
  },
  "client": [
    {
      "client_info": {
        "mobilesdk_app_id": "1:517999240510:android:e10f0e31b1b917928db86f",
        "android_client_info": {
          "package_name": "com.example.projectv1"
        }
      },
      "oauth_client": [
        {
          "client_id": "517999240510-ss9face819k28u8d2tge5cfigefst6qh.apps.googleusercontent.com",
          "client_type": 1,
          "android_info": {
            "package_name": "com.example.projectv1",
            "certificate_hash": "3d8f845099b54c541d2e1fc434cdc4bc2eb5f24d"
          }
        },
        {
          "client_id": "517999240510-vo9t6c0c7sgg988rd1g01isd3ossge6s.apps.googleusercontent.com",
          "client_type": 3
        }
      ],
      "api_key": [
        {
          "current_key": "AIzaSyCIC1xHJcalc2KvsRcWrtjxahenTrCX3S8"
        }
      ],
      "services": {
        "appinvite_service": {
          "other_platform_oauth_client": [
            {
              "client_id": "517999240510-vo9t6c0c7sgg988rd1g01isd3ossge6s.apps.googleusercontent.com",
              "client_type": 3
            }
          ]
        }
      }
    }
  ],
  "configuration_version": "1"
}